"","adm1","iso","umd_tree_cover_loss__year","umd_tree_cover_loss__ha","gfw_gross_emissions_co2e_all_gases__Mg","name"
"1",1,"USA",2001,176807.155111811,54443220.8492357,"Alabama"
"2",1,"USA",2020,112927.590825054,64059609.5263974,"Alabama"
"3",1,"USA",2015,135413.889332553,68691430.3291513,"Alabama"
"4",1,"USA",2005,170438.790659852,61601500.1796235,"Alabama"
"5",1,"USA",2014,150691.802682052,71988079.2254576,"Alabama"
"6",1,"USA",2009,119821.470094942,47722204.6351162,"Alabama"
"7",1,"USA",2018,136129.112701441,72906545.6983338,"Alabama"
"8",1,"USA",2013,130750.509095631,60814846.8868604,"Alabama"
"9",1,"USA",2016,163520.913144981,84363983.5761032,"Alabama"
"10",1,"USA",2017,163817.49868364,86160573.4640706,"Alabama"
"11",1,"USA",2003,137322.658007446,46109658.5743717,"Alabama"
"12",1,"USA",2002,149384.699570091,48393225.7211741,"Alabama"
"13",1,"USA",2010,155723.762407753,63382376.8614147,"Alabama"
"14",1,"USA",2006,167369.974342742,62297416.6600317,"Alabama"
"15",1,"USA",2011,150280.167750318,62760670.173808,"Alabama"
"16",1,"USA",2004,171400.859071137,59983706.785328,"Alabama"
"17",1,"USA",2007,175174.424409259,66894201.0093967,"Alabama"
"18",1,"USA",2019,130185.0162609,71119869.6138043,"Alabama"
"19",1,"USA",2008,186835.512226276,72962175.1264832,"Alabama"
"20",1,"USA",2012,160558.64050661,68171073.0277632,"Alabama"
"21",2,"USA",2017,123483.913269242,13457576.6136389,"Alaska"
"22",2,"USA",2013,214283.392404947,24353489.2887943,"Alaska"
"23",2,"USA",2006,620532.248921635,57005306.8141339,"Alaska"
"24",2,"USA",2020,171612.890168353,21285465.6377133,"Alaska"
"25",2,"USA",2018,94768.7031685651,11280345.3084563,"Alaska"
"26",2,"USA",2002,208340.029194313,20073121.915229,"Alaska"
"27",2,"USA",2014,76754.7270541393,9138111.48793752,"Alaska"
"28",2,"USA",2003,193695.588259351,16152485.0598177,"Alaska"
"29",2,"USA",2001,91296.2462565205,11426495.7269402,"Alaska"
"30",2,"USA",2015,739736.059492671,68173900.3815257,"Alaska"
"31",2,"USA",2005,786915.926629696,68858537.4695073,"Alaska"
"32",2,"USA",2011,72928.3006489234,10768758.964547,"Alaska"
"33",2,"USA",2009,140696.851995958,14695527.1483412,"Alaska"
"34",2,"USA",2004,651658.512545872,58012762.8123043,"Alaska"
"35",2,"USA",2007,158558.349103543,21260036.9730642,"Alaska"
"36",2,"USA",2019,435536.097657405,40774208.5635195,"Alaska"
"37",2,"USA",2008,37921.1589006897,4687832.0082065,"Alaska"
"38",2,"USA",2016,247787.4717183,25849393.7684259,"Alaska"
"39",2,"USA",2010,517454.637259237,54901276.8492013,"Alaska"
"40",2,"USA",2012,55412.1972686277,8429608.42402283,"Alaska"
"41",3,"USA",2018,4035.93444547735,1012051.5383043,"Arizona"
"42",3,"USA",2004,14504.3231860291,3546182.73027745,"Arizona"
"43",3,"USA",2006,10384.0728391663,2387568.99946756,"Arizona"
"44",3,"USA",2001,1411.18616070738,449310.741452794,"Arizona"
"45",3,"USA",2020,18744.4433507563,3357476.84996148,"Arizona"
"46",3,"USA",2005,4094.57829467043,1038578.87932814,"Arizona"
"47",3,"USA",2014,4783.12730701503,1167310.64604426,"Arizona"
"48",3,"USA",2009,2506.65252967153,647537.016163759,"Arizona"
"49",3,"USA",2016,10368.4995024707,2069257.00435391,"Arizona"
"50",3,"USA",2013,3204.46309458263,895697.795289992,"Arizona"
"51",3,"USA",2010,6732.96265554956,1957160.05497506,"Arizona"
"52",3,"USA",2017,9457.20014680282,2246847.41047943,"Arizona"
"53",3,"USA",2003,11021.7576831886,2050961.36354783,"Arizona"
"54",3,"USA",2002,55058.8958470922,8541265.74508247,"Arizona"
"55",3,"USA",2007,3074.93761849733,852352.563544643,"Arizona"
"56",3,"USA",2011,48466.4465887044,9981224.42276939,"Arizona"
"57",3,"USA",2015,3858.69829764714,1045955.23891516,"Arizona"
"58",3,"USA",2019,11150.2933798319,2610548.70357783,"Arizona"
"59",3,"USA",2008,4707.84018800938,1194715.60821589,"Arizona"
"60",3,"USA",2012,5318.86893947629,1210954.14295113,"Arizona"
"61",4,"USA",2009,90059.9924381012,36654064.5503289,"Arkansas"
"62",4,"USA",2013,78250.979795798,36786423.7716948,"Arkansas"
"63",4,"USA",2006,124434.226028649,47978069.8327775,"Arkansas"
"64",4,"USA",2002,91845.8762624226,31377227.1893859,"Arkansas"
"65",4,"USA",2014,79003.8837345696,39113846.0322409,"Arkansas"
"66",4,"USA",2017,92087.9373100105,48432019.7683812,"Arkansas"
"67",4,"USA",2018,82990.0962605456,44947982.062794,"Arkansas"
"68",4,"USA",2007,117985.616719074,45068988.814365,"Arkansas"
"69",4,"USA",2016,90368.6748087068,46343443.4047283,"Arkansas"
"70",4,"USA",2011,87012.0089795006,37499320.8793415,"Arkansas"
"71",4,"USA",2020,59608.1839543394,31991713.7577671,"Arkansas"
"72",4,"USA",2015,73699.9897293885,37213291.4132437,"Arkansas"
"73",4,"USA",2005,104885.817751621,39453947.3829811,"Arkansas"
"74",4,"USA",2019,74510.5075027735,39187753.5196844,"Arkansas"
"75",4,"USA",2003,78532.1107463012,27629843.6179509,"Arkansas"
"76",4,"USA",2004,116520.289557793,42643657.8516284,"Arkansas"
"77",4,"USA",2012,93305.8917412099,39778658.1007085,"Arkansas"
"78",4,"USA",2010,110832.139599506,46361757.3409363,"Arkansas"
"79",4,"USA",2001,115545.463172974,37363704.5831231,"Arkansas"
"80",4,"USA",2008,92088.9837025638,36673740.5665986,"Arkansas"
"81",5,"USA",2014,110649.551447884,67900616.94145,"California"
"82",5,"USA",2002,68574.1961835218,40390242.5633662,"California"
"83",5,"USA",2019,125532.101481509,77523623.0138773,"California"
"84",5,"USA",2018,194574.778470853,94389408.463474,"California"
"85",5,"USA",2004,66689.4461984511,43215821.1731426,"California"
"86",5,"USA",2020,321823.611401985,158942351.940826,"California"
"87",5,"USA",2016,163421.977448067,106936816.447788,"California"
"88",5,"USA",2005,47175.0046505806,40269046.2627278,"California"
"89",5,"USA",2001,52197.7698510582,38019014.6139652,"California"
"90",5,"USA",2009,114222.080518913,63086410.764516,"California"
"91",5,"USA",2003,61290.1048599321,34638763.0792363,"California"
"92",5,"USA",2013,52022.7803930279,31031075.3776098,"California"
"93",5,"USA",2010,35659.936441028,34950894.5594009,"California"
"94",5,"USA",2017,162613.483568578,85814782.2115548,"California"
"95",5,"USA",2011,32838.2692286806,30528667.801848,"California"
"96",5,"USA",2007,136811.834382314,66616855.0074662,"California"
"97",5,"USA",2012,61049.8034037154,40159331.3874685,"California"
"98",5,"USA",2006,86059.8227091391,50612833.5857445,"California"
"99",5,"USA",2015,83419.7847535576,45548210.7293019,"California"
"100",5,"USA",2008,214408.045184647,119800863.886021,"California"
"101",6,"USA",2009,7191.78125698982,2391340.93030304,"Colorado"
"102",6,"USA",2005,22599.6106659391,7848371.757767,"Colorado"
"103",6,"USA",2010,22440.6655328518,8266449.60736341,"Colorado"
"104",6,"USA",2017,9004.09120611271,2530095.06906974,"Colorado"
"105",6,"USA",2002,44736.1422097867,9064285.29461989,"Colorado"
"106",6,"USA",2013,22457.4430423223,5551203.55950912,"Colorado"
"107",6,"USA",2006,9475.83767031007,3068065.98766676,"Colorado"
"108",6,"USA",2003,12435.4170988446,4257646.47275593,"Colorado"
"109",6,"USA",2018,31348.8253064594,6435625.16682584,"Colorado"
"110",6,"USA",2007,62213.2652566577,24372251.7295655,"Colorado"
"111",6,"USA",2014,9253.80846989078,3292730.43241752,"Colorado"
"112",6,"USA",2011,10406.702237726,3741285.88263529,"Colorado"
"113",6,"USA",2020,45940.1252634594,9253670.97385524,"Colorado"
"114",6,"USA",2015,6077.2287820493,2452176.47939463,"Colorado"
"115",6,"USA",2012,28062.66442336,6556486.29424872,"Colorado"
"116",6,"USA",2019,18475.1382495699,5279831.88230636,"Colorado"
"117",6,"USA",2008,23969.3303846182,9054231.69930781,"Colorado"
"118",6,"USA",2004,16301.4774996245,5668978.49907478,"Colorado"
"119",6,"USA",2016,8550.43685327826,2031775.62677449,"Colorado"
"120",6,"USA",2001,13957.5914962814,5062483.92776499,"Colorado"
"121",7,"USA",2015,788.531191126222,299828.508981364,"Connecticut"
"122",7,"USA",2019,1312.65005538809,517268.028560403,"Connecticut"
"123",7,"USA",2018,1415.74151570932,571493.419401764,"Connecticut"
"124",7,"USA",2014,775.174120277669,280302.505381885,"Connecticut"
"125",7,"USA",2016,1749.16585821419,664704.257518648,"Connecticut"
"126",7,"USA",2017,2135.04827861092,838609.302831013,"Connecticut"
"127",7,"USA",2001,818.467207695719,251716.485043465,"Connecticut"
"128",7,"USA",2020,1274.55832887757,507717.838668964,"Connecticut"
"129",7,"USA",2009,604.205950245725,217469.2994137,"Connecticut"
"130",7,"USA",2004,1117.56081450893,372627.674529929,"Connecticut"
"131",7,"USA",2005,1240.73570591022,422004.629322577,"Connecticut"
"132",7,"USA",2010,946.817494674006,344309.77847828,"Connecticut"
"133",7,"USA",2003,673.481800282799,218950.355695115,"Connecticut"
"134",7,"USA",2008,949.269803150012,332154.545721914,"Connecticut"
"135",7,"USA",2013,586.403948568118,215631.88898332,"Connecticut"
"136",7,"USA",2007,1004.23637221658,344784.945120475,"Connecticut"
"137",7,"USA",2006,1356.69863614266,466554.91874289,"Connecticut"
"138",7,"USA",2011,500.407878208548,183071.763076055,"Connecticut"
"139",7,"USA",2002,1029.67024382955,327291.958081361,"Connecticut"
"140",7,"USA",2012,775.144959647552,293661.875137508,"Connecticut"
"141",8,"USA",2005,928.748452402974,332061.162981118,"Delaware"
"142",8,"USA",2020,605.859464871734,292581.248414595,"Delaware"
"143",8,"USA",2009,552.962707812982,213765.817971706,"Delaware"
"144",8,"USA",2013,433.682697029533,177066.827760681,"Delaware"
"145",8,"USA",2001,1204.60218155927,380861.481029863,"Delaware"
"146",8,"USA",2017,724.837858085887,310276.08892805,"Delaware"
"147",8,"USA",2003,444.972854429087,147342.921772557,"Delaware"
"148",8,"USA",2002,678.166812688574,223415.922038415,"Delaware"
"149",8,"USA",2010,603.314353149361,230681.695523445,"Delaware"
"150",8,"USA",2006,846.90213155308,304989.68912086,"Delaware"
"151",8,"USA",2011,348.042388751709,138946.453252947,"Delaware"
"152",8,"USA",2018,616.9307727253,287432.914855842,"Delaware"
"153",8,"USA",2007,960.505559923721,355239.361849722,"Delaware"
"154",8,"USA",2014,618.923979187478,268454.105548691,"Delaware"
"155",8,"USA",2019,858.776546505821,434014.202297396,"Delaware"
"156",8,"USA",2008,539.473535625258,205736.018277377,"Delaware"
"157",8,"USA",2015,624.76244761287,261197.210056974,"Delaware"
"158",8,"USA",2012,682.749284698628,274115.077532857,"Delaware"
"159",8,"USA",2016,860.850670861043,373604.604465717,"Delaware"
"160",8,"USA",2004,1194.62930766621,407771.880958682,"Delaware"
"161",9,"USA",2011,2.70941149089616,962.165971984633,"District of Columbia"
"162",9,"USA",2015,2.04667640626742,566.272937739339,"District of Columbia"
"163",9,"USA",2006,7.22071240091156,1724.08239968525,"District of Columbia"
"164",9,"USA",2014,0.962651876712279,316.103432331697,"District of Columbia"
"165",9,"USA",2018,0.240801309036462,86.8467335150077,"District of Columbia"
"166",9,"USA",2004,1.74574709816196,524.571374743408,"District of Columbia"
"167",9,"USA",2020,0.240732986230455,53.5978848685212,"District of Columbia"
"168",9,"USA",2016,5.8379482297162,2047.59551840344,"District of Columbia"
"169",9,"USA",2005,1.74592561446195,367.75069692365,"District of Columbia"
"170",9,"USA",2001,1.08333660101564,173.594640027916,"District of Columbia"
"171",9,"USA",2009,1.74491089226987,662.855508949748,"District of Columbia"
"172",9,"USA",2003,0.601834479652761,147.806559951983,"District of Columbia"
"173",9,"USA",2002,1.62646717754132,488.586632308428,"District of Columbia"
"174",9,"USA",2019,4.63629245426625,1875.37573975746,"District of Columbia"
"175",9,"USA",2017,2.2872409571919,606.056627563756,"District of Columbia"
"176",9,"USA",2008,3.49031570185097,1026.28787067519,"District of Columbia"
"177",9,"USA",2010,9.09398505324858,3005.71758349609,"District of Columbia"
"178",9,"USA",2012,10.7110472632365,3086.0435752538,"District of Columbia"
"179",9,"USA",2007,1.26372474881079,435.339003747053,"District of Columbia"
"180",10,"USA",2020,66127.9025577651,30171623.6234173,"Florida"
"181",10,"USA",2009,84790.9576661978,27996937.2501845,"Florida"
"182",10,"USA",2016,89665.423508913,39977587.746126,"Florida"
"183",10,"USA",2013,85146.7267304434,32412874.2270917,"Florida"
"184",10,"USA",2017,118550.721343058,53365665.1427143,"Florida"
"185",10,"USA",2018,114160.557987922,51565168.4785119,"Florida"
"186",10,"USA",2002,91602.6420448121,25705913.2500175,"Florida"
"187",10,"USA",2005,107954.385768418,31890671.3798894,"Florida"
"188",10,"USA",2006,118229.253465267,35944981.2296586,"Florida"
"189",10,"USA",2001,105685.966063168,28251015.5130225,"Florida"
"190",10,"USA",2004,115736.7919248,33466523.1141864,"Florida"
"191",10,"USA",2007,111744.196435515,33961714.4247313,"Florida"
"192",10,"USA",2014,76683.6928208064,32091830.0590532,"Florida"
"193",10,"USA",2003,93854.9642160584,27153587.5569955,"Florida"
"194",10,"USA",2008,101176.271619228,32415728.6712492,"Florida"
"195",10,"USA",2015,71991.2387339459,32148685.9990571,"Florida"
"196",10,"USA",2010,92909.2639169796,31744626.6886332,"Florida"
"197",10,"USA",2011,87923.1638511613,30937974.3955555,"Florida"
"198",10,"USA",2012,115149.80548585,42363570.487674,"Florida"
"199",10,"USA",2019,103555.127061385,48051625.8803204,"Florida"
"200",11,"USA",2013,148510.232736798,68692451.9641468,"Georgia"
"201",11,"USA",2002,160671.988145974,52556835.9590227,"Georgia"
"202",11,"USA",2006,185349.005226343,68289602.5160925,"Georgia"
"203",11,"USA",2018,150175.61563455,81816528.5749162,"Georgia"
"204",11,"USA",2007,200104.016189148,72505872.0326265,"Georgia"
"205",11,"USA",2014,159348.041055261,76759912.3932868,"Georgia"
"206",11,"USA",2019,147007.664212691,80341860.2476483,"Georgia"
"207",11,"USA",2009,130373.188969685,52194463.2443658,"Georgia"
"208",11,"USA",2004,174783.467582713,61183495.8518886,"Georgia"
"209",11,"USA",2012,194741.028562036,81414181.919935,"Georgia"
"210",11,"USA",2016,173459.032365993,90160963.2963117,"Georgia"
"211",11,"USA",2011,182227.212042876,72102156.8319919,"Georgia"
"212",11,"USA",2001,164231.664667241,51237000.959853,"Georgia"
"213",11,"USA",2020,122622.775757183,69032480.3135919,"Georgia"
"214",11,"USA",2015,143697.087621679,73767941.2408501,"Georgia"
"215",11,"USA",2005,172087.366438755,61583810.8560881,"Georgia"
"216",11,"USA",2010,166734.10705245,67972915.7272186,"Georgia"
"217",11,"USA",2017,220051.48762329,119329392.948287,"Georgia"
"218",11,"USA",2003,140568.567556616,47561724.498939,"Georgia"
"219",11,"USA",2008,171906.112399431,66697815.0476594,"Georgia"
"220",12,"USA",2005,616.555857100043,249768.980983368,"Hawaii"
"221",12,"USA",2014,1083.61274337636,523460.989755482,"Hawaii"
"222",12,"USA",2009,467.550519570396,222249.958006664,"Hawaii"
"223",12,"USA",2013,435.43996831878,190033.634419575,"Hawaii"
"224",12,"USA",2002,699.971343258222,273395.29293709,"Hawaii"
"225",12,"USA",2016,1691.18847101727,774982.83694159,"Hawaii"
"226",12,"USA",2017,1219.28876442015,566946.234537876,"Hawaii"
"227",12,"USA",2020,856.74867112511,415395.89637745,"Hawaii"
"228",12,"USA",2018,2156.95436035256,1111440.75734286,"Hawaii"
"229",12,"USA",2010,571.365528706634,246827.640968225,"Hawaii"
"230",12,"USA",2006,501.837942364939,208380.76301765,"Hawaii"
"231",12,"USA",2003,866.937867016653,315455.586820923,"Hawaii"
"232",12,"USA",2001,626.539166479727,233980.662700811,"Hawaii"
"233",12,"USA",2007,822.796691086049,340938.265874374,"Hawaii"
"234",12,"USA",2019,1201.90551250631,594849.730454662,"Hawaii"
"235",12,"USA",2011,268.03448271257,119376.790752083,"Hawaii"
"236",12,"USA",2008,661.378058367845,314283.969935719,"Hawaii"
"237",12,"USA",2015,1817.72971522097,848056.986379087,"Hawaii"
"238",12,"USA",2012,899.37280334191,401472.962453661,"Hawaii"
"239",12,"USA",2004,727.590931292585,298655.624632829,"Hawaii"
"240",13,"USA",2017,80541.2550912584,27304889.4017008,"Idaho"
"241",13,"USA",2013,80825.4863837931,23455433.5728479,"Idaho"
"242",13,"USA",2002,32386.5537259318,12146951.4769131,"Idaho"
"243",13,"USA",2014,53721.993268102,18240285.3694935,"Idaho"
"244",13,"USA",2003,38115.7095692542,12020131.5072165,"Idaho"
"245",13,"USA",2018,62614.6765502371,22668778.2598135,"Idaho"
"246",13,"USA",2015,46955.9472356277,16260073.0996898,"Idaho"
"247",13,"USA",2005,41496.2536401219,14543929.6871019,"Idaho"
"248",13,"USA",2019,44510.7642314448,18842344.771847,"Idaho"
"249",13,"USA",2008,119977.755601274,36386373.1005113,"Idaho"
"250",13,"USA",2004,56255.2656782514,21999559.1160543,"Idaho"
"251",13,"USA",2007,151656.044778721,38097097.9658401,"Idaho"
"252",13,"USA",2016,100125.843525526,32085111.2547031,"Idaho"
"253",13,"USA",2006,64520.7291651529,21342812.1380858,"Idaho"
"254",13,"USA",2001,82913.6660706932,34088828.5352392,"Idaho"
"255",13,"USA",2020,38232.4172578547,14713265.7027145,"Idaho"
"256",13,"USA",2009,25548.1630777874,10794424.0794198,"Idaho"
"257",13,"USA",2010,35175.1664406234,14671631.5807474,"Idaho"
"258",13,"USA",2011,34922.3260925465,13570845.7797509,"Idaho"
"259",13,"USA",2012,97776.3317692103,27146839.3632991,"Idaho"
"260",14,"USA",2020,1278.25315704644,380824.000675142,"Illinois"
"261",14,"USA",2005,762.833568291828,221750.060553163,"Illinois"
"262",14,"USA",2009,1260.76148602002,397368.410489352,"Illinois"
"263",14,"USA",2002,710.98688381984,197029.967777229,"Illinois"
"264",14,"USA",2001,959.695319467302,266223.741948212,"Illinois"
"265",14,"USA",2017,2987.45587616385,872259.782004574,"Illinois"
"266",14,"USA",2013,2418.5190998518,583666.095647454,"Illinois"
"267",14,"USA",2015,879.074605612755,239896.511685975,"Illinois"
"268",14,"USA",2010,630.102712654422,186967.331453312,"Illinois"
"269",14,"USA",2006,688.127749761708,191617.426235942,"Illinois"
"270",14,"USA",2003,634.034630796556,182347.397779038,"Illinois"
"271",14,"USA",2018,2112.76704047761,612727.586094761,"Illinois"
"272",14,"USA",2007,763.370253872494,230210.727306783,"Illinois"
"273",14,"USA",2014,1085.50204181393,284216.12712621,"Illinois"
"274",14,"USA",2011,728.945198092649,221628.658117624,"Illinois"
"275",14,"USA",2008,738.567723050203,218527.733938598,"Illinois"
"276",14,"USA",2004,590.723017699403,162788.298846419,"Illinois"
"277",14,"USA",2016,1467.18638814275,420177.637600668,"Illinois"
"278",14,"USA",2019,1123.78520607842,328713.868610892,"Illinois"
"279",14,"USA",2012,1421.85036968996,415654.023982724,"Illinois"
"280",15,"USA",2013,2304.44597669538,692631.753454445,"Indiana"
"281",15,"USA",2018,2153.7930042886,715741.436119129,"Indiana"
"282",15,"USA",2006,1100.33191386151,316072.493718878,"Indiana"
"283",15,"USA",2017,3322.78565526163,1120215.62542152,"Indiana"
"284",15,"USA",2020,1945.31537956415,670170.852868956,"Indiana"
"285",15,"USA",2015,1452.37584561301,471182.87111015,"Indiana"
"286",15,"USA",2014,1395.41884329575,459474.093910347,"Indiana"
"287",15,"USA",2011,1353.39115992268,436911.38643482,"Indiana"
"288",15,"USA",2003,499.032808727297,134228.832529986,"Indiana"
"289",15,"USA",2004,1060.99612874825,306981.582792448,"Indiana"
"290",15,"USA",2002,485.795447915895,125465.241770718,"Indiana"
"291",15,"USA",2019,1813.81213799287,621584.188056859,"Indiana"
"292",15,"USA",2005,952.083799098287,270120.018409855,"Indiana"
"293",15,"USA",2001,533.538530335794,136857.682004198,"Indiana"
"294",15,"USA",2009,1184.79020987121,365701.168941527,"Indiana"
"295",15,"USA",2016,2661.05099903511,884766.061247147,"Indiana"
"296",15,"USA",2007,1298.94292490841,381494.571530067,"Indiana"
"297",15,"USA",2010,898.379330835667,281977.419816428,"Indiana"
"298",15,"USA",2008,1278.71928452716,384542.603307689,"Indiana"
"299",15,"USA",2012,1945.81334951284,638668.176038951,"Indiana"
"300",16,"USA",2020,2002.09287875123,665011.175413289,"Iowa"
"301",16,"USA",2013,982.339124989433,212541.853748343,"Iowa"
"302",16,"USA",2004,280.956686286002,64130.7646841721,"Iowa"
"303",16,"USA",2009,243.180267717877,61552.1023308081,"Iowa"
"304",16,"USA",2016,474.363121529862,118030.864841262,"Iowa"
"305",16,"USA",2018,1075.20660122571,283539.638621444,"Iowa"
"306",16,"USA",2001,209.735518850265,46423.1610097158,"Iowa"
"307",16,"USA",2017,914.261324611525,229220.490802822,"Iowa"
"308",16,"USA",2003,119.555518239109,26011.5389304009,"Iowa"
"309",16,"USA",2005,212.245461817354,48264.1977235834,"Iowa"
"310",16,"USA",2010,268.605142201922,70096.8369930921,"Iowa"
"311",16,"USA",2006,272.406388375049,64229.7170031752,"Iowa"
"312",16,"USA",2011,377.329994529242,97252.4149740012,"Iowa"
"313",16,"USA",2002,161.245085677503,35779.4230541407,"Iowa"
"314",16,"USA",2007,305.390077882464,71910.6084347195,"Iowa"
"315",16,"USA",2014,1022.01578116608,240667.258060891,"Iowa"
"316",16,"USA",2019,660.179398306187,179086.400015751,"Iowa"
"317",16,"USA",2008,270.659658785448,66384.287994176,"Iowa"
"318",16,"USA",2015,290.521891336915,72417.7393672919,"Iowa"
"319",16,"USA",2012,628.129022055231,157142.656780677,"Iowa"
"320",17,"USA",2009,459.761716357917,95529.3714690511,"Kansas"
"321",17,"USA",2013,1498.59472213792,289575.176319462,"Kansas"
"322",17,"USA",2002,501.97351235384,90892.5050439784,"Kansas"
"323",17,"USA",2007,732.448205317454,150192.3249736,"Kansas"
"324",17,"USA",2006,478.573560206933,95956.0461010586,"Kansas"
"325",17,"USA",2011,511.749722367872,108533.283631775,"Kansas"
"326",17,"USA",2018,748.786715786046,161913.810332833,"Kansas"
"327",17,"USA",2015,541.683618635582,110874.732091646,"Kansas"
"328",17,"USA",2014,1410.07402710858,289516.252945988,"Kansas"
"329",17,"USA",2019,494.496772048713,116017.109201337,"Kansas"
"330",17,"USA",2017,1056.76523865745,223926.877719632,"Kansas"
"331",17,"USA",2004,638.392293763973,121328.810159882,"Kansas"
"332",17,"USA",2012,619.579784868188,130373.968608537,"Kansas"
"333",17,"USA",2016,1090.84577246451,215805.620071091,"Kansas"
"334",17,"USA",2005,535.869088109738,103038.1939484,"Kansas"
"335",17,"USA",2001,774.470141522272,137357.306757736,"Kansas"
"336",17,"USA",2020,1009.43123097105,258203.741125577,"Kansas"
"337",17,"USA",2008,735.8898898643,150345.150511657,"Kansas"
"338",17,"USA",2010,401.152964919746,85145.6110701569,"Kansas"
"339",17,"USA",2003,295.410324362816,56581.531699239,"Kansas"
"340",18,"USA",2019,8487.31993171922,3156198.16305941,"Kentucky"
"341",18,"USA",2014,9391.79356275634,3308529.98764137,"Kentucky"
"342",18,"USA",2016,19460.0559825428,7040505.623079,"Kentucky"
"343",18,"USA",2013,8063.305740827,2665339.84610867,"Kentucky"
"344",18,"USA",2018,10297.6770661207,3830619.44148013,"Kentucky"
"345",18,"USA",2020,8507.61950066632,3197973.06271877,"Kentucky"
"346",18,"USA",2004,13810.251232291,4487090.29799568,"Kentucky"
"347",18,"USA",2005,15521.2782211484,5153341.6766419,"Kentucky"
"348",18,"USA",2010,14130.3506382972,4946059.1699095,"Kentucky"
"349",18,"USA",2009,12423.8363750667,4314305.35463445,"Kentucky"
"350",18,"USA",2001,12594.677932431,3917047.19538375,"Kentucky"
"351",18,"USA",2002,8477.51015051246,2660674.40205119,"Kentucky"
"352",18,"USA",2007,18291.9926057022,6178692.71921352,"Kentucky"
"353",18,"USA",2017,17463.6289339338,6321296.48311726,"Kentucky"
"354",18,"USA",2003,8951.06004216553,2933569.72248928,"Kentucky"
"355",18,"USA",2008,17695.3697395382,6066873.41528972,"Kentucky"
"356",18,"USA",2015,10563.3606425594,3781422.39920127,"Kentucky"
"357",18,"USA",2006,14386.1983410918,4761306.59870515,"Kentucky"
"358",18,"USA",2011,9639.61901219034,3388442.53471888,"Kentucky"
"359",18,"USA",2012,13030.9867602354,4617623.93274756,"Kentucky"
"360",19,"USA",2013,82065.723637404,43667093.5951967,"Louisiana"
"361",19,"USA",2005,125943.478539152,49099026.4702222,"Louisiana"
"362",19,"USA",2017,86684.9398257715,50473067.6190047,"Louisiana"
"363",19,"USA",2009,92605.9894209258,39909545.2664446,"Louisiana"
"364",19,"USA",2002,96507.8329419405,34325546.8395288,"Louisiana"
"365",19,"USA",2010,106701.667153344,47699787.8879039,"Louisiana"
"366",19,"USA",2014,86691.8324258938,47753919.9203525,"Louisiana"
"367",19,"USA",2003,88509.574465164,32641795.5031745,"Louisiana"
"368",19,"USA",2018,76347.012549329,44851674.4848623,"Louisiana"
"369",19,"USA",2007,116815.975612321,49155326.6838079,"Louisiana"
"370",19,"USA",2012,98515.1617118016,45767052.0960107,"Louisiana"
"371",19,"USA",2006,120532.330808937,48923786.0349661,"Louisiana"
"372",19,"USA",2008,106081.864402322,44930627.5486808,"Louisiana"
"373",19,"USA",2015,78398.9809530839,44023076.0295986,"Louisiana"
"374",19,"USA",2020,69394.5041811181,41250406.252859,"Louisiana"
"375",19,"USA",2019,69121.521467212,40878114.2195974,"Louisiana"
"376",19,"USA",2011,91872.2092563933,41211140.204553,"Louisiana"
"377",19,"USA",2004,115126.551167567,44091617.4244789,"Louisiana"
"378",19,"USA",2016,82872.0038314752,47410995.4689475,"Louisiana"
"379",19,"USA",2001,102374.86659101,34917798.0838906,"Louisiana"
"380",20,"USA",2015,46084.5631325807,14430130.3873537,"Maine"
"381",20,"USA",2014,44011.8387221704,13620375.6853179,"Maine"
"382",20,"USA",2013,40365.9651112277,12140960.3570217,"Maine"
"383",20,"USA",2001,44453.8844292457,11381537.7818666,"Maine"
"384",20,"USA",2020,58987.8757593859,19538413.5228827,"Maine"
"385",20,"USA",2018,63496.0085581339,20873689.8964131,"Maine"
"386",20,"USA",2005,51147.3487169335,14176781.0948051,"Maine"
"387",20,"USA",2019,56985.8005429731,18907437.8765683,"Maine"
"388",20,"USA",2009,42331.4232021389,12376825.7738099,"Maine"
"389",20,"USA",2003,29402.0473906466,7879133.46128364,"Maine"
"390",20,"USA",2002,46017.2481268022,11704792.4132986,"Maine"
"391",20,"USA",2016,60127.0903012309,18891077.35483,"Maine"
"392",20,"USA",2017,61617.4689674106,19928659.9998358,"Maine"
"393",20,"USA",2011,28155.2093969274,8655185.34400783,"Maine"
"394",20,"USA",2004,49532.0458256082,13537925.7014303,"Maine"
"395",20,"USA",2010,42049.9032497249,12600982.6909413,"Maine"
"396",20,"USA",2006,46708.3674320659,13131726.3729147,"Maine"
"397",20,"USA",2008,56464.8687907149,16012221.4774593,"Maine"
"398",20,"USA",2007,45592.4593347104,13168968.6793519,"Maine"
"399",20,"USA",2012,47913.8381568604,14636353.8075836,"Maine"
"400",21,"USA",2020,2970.7109639437,1399995.62767467,"Maryland"
"401",21,"USA",2017,3533.1696989601,1535222.86824548,"Maryland"
"402",21,"USA",2013,1714.67270134094,670962.279314562,"Maryland"
"403",21,"USA",2018,2378.63437369789,1029479.0401316,"Maryland"
"404",21,"USA",2005,4222.92023402877,1441654.94353981,"Maryland"
"405",21,"USA",2006,4583.17920721946,1545482.31932863,"Maryland"
"406",21,"USA",2001,4364.71976587307,1400914.61122392,"Maryland"
"407",21,"USA",2009,2446.77065524998,906369.083961743,"Maryland"
"408",21,"USA",2002,4005.03818174683,1355121.03246919,"Maryland"
"409",21,"USA",2014,1965.82606353945,801419.420812819,"Maryland"
"410",21,"USA",2003,2291.63227172838,780086.129126419,"Maryland"
"411",21,"USA",2008,2722.80505932018,968063.769851566,"Maryland"
"412",21,"USA",2015,2427.82779072591,1014728.07226598,"Maryland"
"413",21,"USA",2010,2404.03780558223,898956.189374704,"Maryland"
"414",21,"USA",2011,1705.13052338451,657797.42056295,"Maryland"
"415",21,"USA",2012,2367.13884805634,944100.963220508,"Maryland"
"416",21,"USA",2004,3378.4677751105,1130024.18379376,"Maryland"
"417",21,"USA",2007,3682.64644771536,1296296.46273407,"Maryland"
"418",21,"USA",2019,2647.2585165071,1168139.50520135,"Maryland"
"419",21,"USA",2016,3081.94587887591,1279048.64397955,"Maryland"
"420",22,"USA",2013,1332.55262561987,498378.035533097,"Massachusetts"
"421",22,"USA",2018,3921.38990282225,1665246.90150649,"Massachusetts"
"422",22,"USA",2004,2409.04816381559,832211.987962083,"Massachusetts"
"423",22,"USA",2006,2808.13277438853,1001567.92480358,"Massachusetts"
"424",22,"USA",2011,1874.53225882168,736245.575294335,"Massachusetts"
"425",22,"USA",2001,2112.02493517147,674768.692950499,"Massachusetts"
"426",22,"USA",2020,3749.24406826571,1550643.6989565,"Massachusetts"
"427",22,"USA",2016,3959.53888183775,1563569.24661584,"Massachusetts"
"428",22,"USA",2005,2333.22108702444,826305.881973831,"Massachusetts"
"429",22,"USA",2014,1954.28819741154,754164.920910746,"Massachusetts"
"430",22,"USA",2009,1531.67229690245,588749.109087796,"Massachusetts"
"431",22,"USA",2015,2620.5341199071,1040005.04839569,"Massachusetts"
"432",22,"USA",2002,2026.39472810034,681735.299606932,"Massachusetts"
"433",22,"USA",2010,1879.05077750139,716004.47082662,"Massachusetts"
"434",22,"USA",2017,5883.20768575979,2358894.95941914,"Massachusetts"
"435",22,"USA",2003,1845.47786815949,625737.981049688,"Massachusetts"
"436",22,"USA",2008,2469.55242013497,895182.371843743,"Massachusetts"
"437",22,"USA",2007,2258.47144287109,818944.632689597,"Massachusetts"
"438",22,"USA",2019,3521.01337609342,1449550.95907816,"Massachusetts"
"439",22,"USA",2012,1963.63342257804,774979.831984972,"Massachusetts"
"440",23,"USA",2009,29398.9402674921,7079079.35094911,"Michigan"
"441",23,"USA",2013,24471.1906206009,6237966.67286644,"Michigan"
"442",23,"USA",2002,19186.1253834978,4022590.89144009,"Michigan"
"443",23,"USA",2006,26208.4798570678,5863636.25835432,"Michigan"
"444",23,"USA",2020,37372.9539766323,11275186.218875,"Michigan"
"445",23,"USA",2018,36639.5864167722,10585684.7907562,"Michigan"
"446",23,"USA",2016,32280.0815314672,8906136.06133403,"Michigan"
"447",23,"USA",2014,27852.5133647992,7457770.37016694,"Michigan"
"448",23,"USA",2017,35718.6426931799,10089484.7570378,"Michigan"
"449",23,"USA",2001,21328.6877064681,4233919.09901043,"Michigan"
"450",23,"USA",2007,27169.1233509924,6244651.26591877,"Michigan"
"451",23,"USA",2005,25424.0920381703,5606348.93573563,"Michigan"
"452",23,"USA",2011,19104.5473001024,4945084.94294732,"Michigan"
"453",23,"USA",2003,13102.7143223874,2867725.56135009,"Michigan"
"454",23,"USA",2015,28242.8899815897,7520115.05479076,"Michigan"
"455",23,"USA",2012,34979.5888489391,8490112.712623,"Michigan"
"456",23,"USA",2019,38379.1226816064,11323078.8851166,"Michigan"
"457",23,"USA",2010,26117.8877186604,6442254.7180991,"Michigan"
"458",23,"USA",2004,28430.6614906024,6088693.9771894,"Michigan"
"459",23,"USA",2008,31282.0112097328,7359323.85341167,"Michigan"
"460",24,"USA",2014,31644.6471277354,7180093.51336501,"Minnesota"
"461",24,"USA",2013,24860.3446285411,5370409.92097216,"Minnesota"
"462",24,"USA",2018,36586.844634408,8929707.03787619,"Minnesota"
"463",24,"USA",2002,24028.6873187491,4272722.85481658,"Minnesota"
"464",24,"USA",2007,41362.4791438718,7607270.43234524,"Minnesota"
"465",24,"USA",2019,36902.6241845833,9181306.64476911,"Minnesota"
"466",24,"USA",2006,36660.0051306421,6364633.70596484,"Minnesota"
"467",24,"USA",2004,31908.3436278538,5899396.45955191,"Minnesota"
"468",24,"USA",2020,30530.0952341151,7911234.94407649,"Minnesota"
"469",24,"USA",2016,34983.9755860453,8444340.6189548,"Minnesota"
"470",24,"USA",2005,30588.4492322648,5767038.45118881,"Minnesota"
"471",24,"USA",2001,30038.760801665,5218568.74335895,"Minnesota"
"472",24,"USA",2009,24282.7785896684,5137174.28056105,"Minnesota"
"473",24,"USA",2003,17278.312469768,3153626.89813525,"Minnesota"
"474",24,"USA",2012,59529.3203830545,9816703.13249172,"Minnesota"
"475",24,"USA",2010,28322.652472645,6138356.64064811,"Minnesota"
"476",24,"USA",2017,38800.0725526292,9456349.71938089,"Minnesota"
"477",24,"USA",2015,33681.1497393628,7806937.14698513,"Minnesota"
"478",24,"USA",2011,31714.8002174562,6803570.87412813,"Minnesota"
"479",24,"USA",2008,37863.4607733523,7836317.10178298,"Minnesota"
"480",25,"USA",2009,95907.6378026577,37714367.6297808,"Mississippi"
"481",25,"USA",2005,164433.277435249,59447309.5734013,"Mississippi"
"482",25,"USA",2017,133746.160578393,67105388.3142027,"Mississippi"
"483",25,"USA",2002,106820.049532217,34891357.2880234,"Mississippi"
"484",25,"USA",2010,127196.944396185,51116095.629055,"Mississippi"
"485",25,"USA",2006,126354.745696552,46652914.2448035,"Mississippi"
"486",25,"USA",2013,105312.16857627,47394963.8988232,"Mississippi"
"487",25,"USA",2018,111334.944684127,56674737.1149904,"Mississippi"
"488",25,"USA",2007,132604.392727951,50260759.5675264,"Mississippi"
"489",25,"USA",2014,112791.710762901,52561304.5498784,"Mississippi"
"490",25,"USA",2003,102523.477947799,34610370.1925341,"Mississippi"
"491",25,"USA",2020,90972.0222617859,48855772.0259213,"Mississippi"
"492",25,"USA",2015,105140.404767363,50970139.8456117,"Mississippi"
"493",25,"USA",2016,123924.432923705,61061240.7416141,"Mississippi"
"494",25,"USA",2011,107595.333067301,44202442.3899066,"Mississippi"
"495",25,"USA",2008,140397.654206703,54474807.9462891,"Mississippi"
"496",25,"USA",2004,128547.703368953,45474048.4668061,"Mississippi"
"497",25,"USA",2012,122819.378860639,51125450.7640265,"Mississippi"
"498",25,"USA",2019,101559.00263086,52520861.595151,"Mississippi"
"499",25,"USA",2001,132546.371779904,41236954.7243508,"Mississippi"
"500",26,"USA",2017,21370.4053494279,6339136.40323632,"Missouri"
"501",26,"USA",2015,9015.02218871223,2708571.0409281,"Missouri"
"502",26,"USA",2014,13278.3903868468,3696909.04409397,"Missouri"
"503",26,"USA",2019,11219.4557023741,3587108.54197913,"Missouri"
"504",26,"USA",2013,12112.3514192219,3439276.45314428,"Missouri"
"505",26,"USA",2018,14110.72583997,4366633.09213624,"Missouri"
"506",26,"USA",2002,13347.0427639444,3453824.82717442,"Missouri"
"507",26,"USA",2016,14260.5348901078,4193876.44762872,"Missouri"
"508",26,"USA",2003,11280.6352980445,2888966.55978442,"Missouri"
"509",26,"USA",2001,15980.8107893262,4042475.99867707,"Missouri"
"510",26,"USA",2020,12347.2772153945,3972325.39417971,"Missouri"
"511",26,"USA",2009,28706.4703960939,8764841.0411013,"Missouri"
"512",26,"USA",2004,16406.0084160432,4313363.77273875,"Missouri"
"513",26,"USA",2005,15200.9221888209,4107761.67069376,"Missouri"
"514",26,"USA",2010,13336.099165769,3857075.5622748,"Missouri"
"515",26,"USA",2008,19119.5720837264,5451719.29793204,"Missouri"
"516",26,"USA",2011,12559.0379649545,3702090.72918159,"Missouri"
"517",26,"USA",2007,29606.8224131303,8300454.55900243,"Missouri"
"518",26,"USA",2012,18592.9687263411,5195758.28799107,"Missouri"
"519",26,"USA",2006,18786.2147639896,5122977.71174498,"Missouri"
"520",27,"USA",2020,21236.8518657516,8159702.07033189,"Montana"
"521",27,"USA",2013,28163.4414346835,8364494.15608318,"Montana"
"522",27,"USA",2005,58352.586582626,20159042.1045283,"Montana"
"523",27,"USA",2001,116797.162923957,42125199.9029127,"Montana"
"524",27,"USA",2017,101760.337738145,24345018.9980568,"Montana"
"525",27,"USA",2009,25470.3879421574,9699834.5736129,"Montana"
"526",27,"USA",2002,58159.7239815399,18506869.5678894,"Montana"
"527",27,"USA",2010,34082.1490353669,12910091.2032662,"Montana"
"528",27,"USA",2006,54386.7689822598,16554894.1245425,"Montana"
"529",27,"USA",2003,69284.0758494732,16578293.8679816,"Montana"
"530",27,"USA",2018,100686.210377366,28427150.8965466,"Montana"
"531",27,"USA",2007,130370.983486907,30428925.0538161,"Montana"
"532",27,"USA",2014,21894.5356199056,7752509.71320014,"Montana"
"533",27,"USA",2011,22705.4064493884,7620851.30624553,"Montana"
"534",27,"USA",2008,108643.652337958,30235976.9643472,"Montana"
"535",27,"USA",2015,40356.0815436909,10731858.8929503,"Montana"
"536",27,"USA",2012,41075.3662033911,13116375.9041666,"Montana"
"537",27,"USA",2019,24293.5449910598,9645225.40699533,"Montana"
"538",27,"USA",2004,191415.354499951,61624668.4169024,"Montana"
"539",27,"USA",2016,50644.7121539349,15065143.957356,"Montana"
"540",28,"USA",2013,3551.66462469153,604140.524134332,"Nebraska"
"541",28,"USA",2015,517.40637820969,119305.723753083,"Nebraska"
"542",28,"USA",2011,341.280387981563,77638.4612098552,"Nebraska"
"543",28,"USA",2018,657.644097327945,151727.878074106,"Nebraska"
"544",28,"USA",2004,802.169141455718,189318.767457237,"Nebraska"
"545",28,"USA",2006,485.810801197866,93655.0394078682,"Nebraska"
"546",28,"USA",2014,1082.84453282722,257788.389402853,"Nebraska"
"547",28,"USA",2017,673.678907706168,153479.223557694,"Nebraska"
"548",28,"USA",2001,220.18727562237,47878.1913861416,"Nebraska"
"549",28,"USA",2020,272.799801245335,64878.8569341995,"Nebraska"
"550",28,"USA",2016,640.662204301414,136818.64572288,"Nebraska"
"551",28,"USA",2005,980.131639688498,238624.09857242,"Nebraska"
"552",28,"USA",2019,434.519182769779,103841.185929172,"Nebraska"
"553",28,"USA",2009,241.168529746726,53761.2720156359,"Nebraska"
"554",28,"USA",2008,254.637955527844,60612.1978834331,"Nebraska"
"555",28,"USA",2002,201.928932963467,42626.0941228948,"Nebraska"
"556",28,"USA",2010,234.282874653989,56741.3816674716,"Nebraska"
"557",28,"USA",2003,244.889427380509,52186.8663871591,"Nebraska"
"558",28,"USA",2007,599.63989593049,129218.927989402,"Nebraska"
"559",28,"USA",2012,1208.12868668759,213922.032589468,"Nebraska"
"560",29,"USA",2020,1555.11456355966,245075.195091129,"Nevada"
"561",29,"USA",2016,1565.67392261058,300721.846306759,"Nevada"
"562",29,"USA",2009,1405.82630816453,319302.517856131,"Nevada"
"563",29,"USA",2004,1744.65483002174,537501.769103057,"Nevada"
"564",29,"USA",2013,4262.39185218294,621305.999318637,"Nevada"
"565",29,"USA",2018,4758.75825192178,870939.341096054,"Nevada"
"566",29,"USA",2017,1275.50842455761,382200.425511691,"Nevada"
"567",29,"USA",2001,1112.72807986653,638073.242493351,"Nevada"
"568",29,"USA",2002,1488.0112910885,267622.539948569,"Nevada"
"569",29,"USA",2005,2212.63595843247,609335.685483581,"Nevada"
"570",29,"USA",2006,862.819352532977,156358.336271671,"Nevada"
"571",29,"USA",2003,353.09475586346,91894.0439706953,"Nevada"
"572",29,"USA",2008,2110.16859339516,417643.319090398,"Nevada"
"573",29,"USA",2007,1032.67261889638,375778.300478714,"Nevada"
"574",29,"USA",2014,2398.34978303249,445126.886061789,"Nevada"
"575",29,"USA",2011,845.197175151463,335226.845257396,"Nevada"
"576",29,"USA",2015,429.726852639911,95665.5707663956,"Nevada"
"577",29,"USA",2010,337.752565430764,151277.999584667,"Nevada"
"578",29,"USA",2019,4674.82258964087,1123937.80360166,"Nevada"
"579",29,"USA",2012,812.961850175323,133385.905034667,"Nevada"
"580",30,"USA",2013,7421.07069839113,2745658.3025326,"New Hampshire"
"581",30,"USA",2009,6615.65509064332,2305375.68901703,"New Hampshire"
"582",30,"USA",2002,6383.3191305977,2080488.91540727,"New Hampshire"
"583",30,"USA",2014,6762.48469060936,2628894.98970105,"New Hampshire"
"584",30,"USA",2006,7693.40848373249,2641138.18958795,"New Hampshire"
"585",30,"USA",2018,9951.40989492873,4188319.25214769,"New Hampshire"
"586",30,"USA",2007,7690.46995056846,2727910.79209555,"New Hampshire"
"587",30,"USA",2012,7225.17588292279,2800770.48070741,"New Hampshire"
"588",30,"USA",2019,9336.38566464263,3939662.57182885,"New Hampshire"
"589",30,"USA",2011,4517.98423024455,1730541.02616743,"New Hampshire"
"590",30,"USA",2004,6431.35402168924,2183171.55548066,"New Hampshire"
"591",30,"USA",2020,8398.95514858042,3519514.93343515,"New Hampshire"
"592",30,"USA",2016,10399.7861581395,4221568.17236115,"New Hampshire"
"593",30,"USA",2005,7904.01138039518,2717997.27831513,"New Hampshire"
"594",30,"USA",2001,6904.03496315346,2189144.25586028,"New Hampshire"
"595",30,"USA",2017,10083.355856098,4159345.21379557,"New Hampshire"
"596",30,"USA",2015,7431.98643779437,2971003.17766992,"New Hampshire"
"597",30,"USA",2008,9721.03258418192,3408832.45922336,"New Hampshire"
"598",30,"USA",2010,8056.18302758523,2990536.77268254,"New Hampshire"
"599",30,"USA",2003,3414.88694284839,1152100.19203125,"New Hampshire"
"600",31,"USA",2013,1053.71525677167,340680.005069917,"New Jersey"
"601",31,"USA",2014,1684.84423120929,480543.334873618,"New Jersey"
"602",31,"USA",2005,1408.38742120922,416150.651275194,"New Jersey"
"603",31,"USA",2019,3892.42438436843,750541.888246169,"New Jersey"
"604",31,"USA",2009,926.100308479338,284834.152271407,"New Jersey"
"605",31,"USA",2018,1194.1266224415,397506.445665572,"New Jersey"
"606",31,"USA",2002,1676.2882229234,451090.438237762,"New Jersey"
"607",31,"USA",2016,2061.53112409171,616199.20440162,"New Jersey"
"608",31,"USA",2017,3110.00943995387,918569.296149392,"New Jersey"
"609",31,"USA",2020,1999.31839558322,757942.828931114,"New Jersey"
"610",31,"USA",2004,2156.82587982556,627375.505743912,"New Jersey"
"611",31,"USA",2010,1439.81592834475,418572.10882358,"New Jersey"
"612",31,"USA",2006,1596.82002782655,469479.583607783,"New Jersey"
"613",31,"USA",2003,589.938364007081,158692.586933984,"New Jersey"
"614",31,"USA",2001,2023.67313423317,513250.737791914,"New Jersey"
"615",31,"USA",2007,4290.36638465883,1168248.79489277,"New Jersey"
"616",31,"USA",2012,1404.65229689111,437740.315734648,"New Jersey"
"617",31,"USA",2011,575.234163330621,176926.262922427,"New Jersey"
"618",31,"USA",2008,1138.26034027914,351225.10040176,"New Jersey"
"619",31,"USA",2015,1073.34075848154,323865.436759566,"New Jersey"
"620",32,"USA",2005,6337.57121115213,1929900.90152112,"New Mexico"
"621",32,"USA",2017,3131.36381811592,954763.867568476,"New Mexico"
"622",32,"USA",2013,18612.0197805461,4267256.08722062,"New Mexico"
"623",32,"USA",2018,11005.1135658838,2379282.75952996,"New Mexico"
"624",32,"USA",2002,13734.6142321417,2951069.90370343,"New Mexico"
"625",32,"USA",2014,7150.17293109023,1924695.73763606,"New Mexico"
"626",32,"USA",2003,7885.54536733896,1687650.10387133,"New Mexico"
"627",32,"USA",2009,1462.03665299854,486077.85173376,"New Mexico"
"628",32,"USA",2015,1881.92719260825,550684.095816903,"New Mexico"
"629",32,"USA",2010,3780.51765294846,1050779.18986265,"New Mexico"
"630",32,"USA",2019,3756.93251048214,1192947.69584301,"New Mexico"
"631",32,"USA",2008,6905.69370553294,1398200.79765735,"New Mexico"
"632",32,"USA",2004,17836.5544062999,4153645.23395107,"New Mexico"
"633",32,"USA",2007,3253.38759937286,1198852.1865229,"New Mexico"
"634",32,"USA",2016,5024.7993772802,1123084.05905498,"New Mexico"
"635",32,"USA",2006,17388.3493847234,4837407.36685148,"New Mexico"
"636",32,"USA",2001,3865.78485745545,1359805.55657856,"New Mexico"
"637",32,"USA",2020,3310.0796000468,880364.2512094,"New Mexico"
"638",32,"USA",2011,25346.6115875659,4864938.39053735,"New Mexico"
"639",32,"USA",2012,27002.9675621436,6137460.75347914,"New Mexico"
"640",33,"USA",2020,10461.8602023637,3833159.42842129,"New York"
"641",33,"USA",2005,8568.81644097162,2533702.38581556,"New York"
"642",33,"USA",2001,6224.5665295127,1746510.74080723,"New York"
"643",33,"USA",2009,5029.77034488951,1652258.48941485,"New York"
"644",33,"USA",2015,7696.29013564319,2620641.94714065,"New York"
"645",33,"USA",2002,4927.80472965891,1444403.47546829,"New York"
"646",33,"USA",2014,7388.28080625803,2439428.04210615,"New York"
"647",33,"USA",2017,12899.2960851216,4538462.11972036,"New York"
"648",33,"USA",2013,5187.00719141875,1696629.55475868,"New York"
"649",33,"USA",2018,14659.4285797761,5272157.78666233,"New York"
"650",33,"USA",2010,6375.8670174032,2104445.30717998,"New York"
"651",33,"USA",2006,6542.9999422488,2044845.55074614,"New York"
"652",33,"USA",2003,3469.83439445369,1033782.34432944,"New York"
"653",33,"USA",2008,6536.95572414676,2075336.99133199,"New York"
"654",33,"USA",2007,7247.43631801264,2270395.47620663,"New York"
"655",33,"USA",2019,11415.144967234,4118845.71661158,"New York"
"656",33,"USA",2011,4084.39520706092,1423352.52716066,"New York"
"657",33,"USA",2004,7877.33543074652,2379174.81751474,"New York"
"658",33,"USA",2016,10424.550077029,3513330.24616216,"New York"
"659",33,"USA",2012,8365.76169746774,2752108.65272285,"New York"
"660",34,"USA",2013,82149.1115515002,36244631.7097258,"North Carolina"
"661",34,"USA",2006,99023.8078851262,34944395.9695262,"North Carolina"
"662",34,"USA",2020,78751.7662018695,40588258.8387059,"North Carolina"
"663",34,"USA",2018,94290.5472727463,46979752.7103553,"North Carolina"
"664",34,"USA",2014,93113.3410207615,41868779.73779,"North Carolina"
"665",34,"USA",2017,114088.354231577,55000187.0812126,"North Carolina"
"666",34,"USA",2001,92994.8104286351,27122324.5594032,"North Carolina"
"667",34,"USA",2015,95702.8541119762,43466737.0898521,"North Carolina"
"668",34,"USA",2005,104939.015056204,36217112.128966,"North Carolina"
"669",34,"USA",2011,85770.5206291688,36598611.0951682,"North Carolina"
"670",34,"USA",2003,67450.9421933157,21671746.6366184,"North Carolina"
"671",34,"USA",2004,95734.54339901,31550571.2138078,"North Carolina"
"672",34,"USA",2002,89341.8116237832,27619715.5344561,"North Carolina"
"673",34,"USA",2019,89519.1317036294,45132657.3947267,"North Carolina"
"674",34,"USA",2010,87075.867817724,34206637.3120147,"North Carolina"
"675",34,"USA",2012,91923.5280427006,39831640.1455798,"North Carolina"
"676",34,"USA",2009,70776.7669926091,26809776.4278412,"North Carolina"
"677",34,"USA",2016,110555.799233843,52369690.1716131,"North Carolina"
"678",34,"USA",2007,105550.628954292,38063787.4455511,"North Carolina"
"679",34,"USA",2008,102818.058186389,35982236.0651965,"North Carolina"
"680",35,"USA",2018,9.66649986560404,2582.20252383542,"North Dakota"
"681",35,"USA",2020,12.3347464831405,2622.22727375851,"North Dakota"
"682",35,"USA",2013,198.472158305798,33335.0555326607,"North Dakota"
"683",35,"USA",2006,612.336660741491,104868.096243214,"North Dakota"
"684",35,"USA",2004,754.178568233558,123886.8329499,"North Dakota"
"685",35,"USA",2009,106.31145942977,20481.3710090008,"North Dakota"
"686",35,"USA",2016,26.2318490118953,5918.11601004932,"North Dakota"
"687",35,"USA",2005,654.18437170395,118398.527831443,"North Dakota"
"688",35,"USA",2001,321.935489939806,49392.633819877,"North Dakota"
"689",35,"USA",2017,27.7881006122186,6200.78366440878,"North Dakota"
"690",35,"USA",2003,225.59618112232,34709.6035688263,"North Dakota"
"691",35,"USA",2002,746.910609493816,118053.912560242,"North Dakota"
"692",35,"USA",2010,386.562900352451,77979.9131461218,"North Dakota"
"693",35,"USA",2011,214.514931561753,43601.5805738936,"North Dakota"
"694",35,"USA",2019,5.70395876257616,1253.57750714189,"North Dakota"
"695",35,"USA",2015,4.74896971753703,1190.77714787208,"North Dakota"
"696",35,"USA",2007,555.762549585916,102846.933123205,"North Dakota"
"697",35,"USA",2014,149.501733927603,28166.950502302,"North Dakota"
"698",35,"USA",2008,774.938037648177,147683.908656401,"North Dakota"
"699",35,"USA",2012,473.242334065306,94412.2967697165,"North Dakota"
"700",36,"USA",2009,5950.581222593,1993924.28754892,"Ohio"
"701",36,"USA",2002,5418.28221216688,1678162.52972853,"Ohio"
"702",36,"USA",2006,6772.95645835615,2191986.29994441,"Ohio"
"703",36,"USA",2013,5111.75273234103,1780323.03243364,"Ohio"
"704",36,"USA",2018,5793.71116292222,2120638.26332481,"Ohio"
"705",36,"USA",2007,7980.81343743549,2627408.54632446,"Ohio"
"706",36,"USA",2014,5998.84197848789,2109794.10819382,"Ohio"
"707",36,"USA",2011,5992.90976987504,2098949.90394958,"Ohio"
"708",36,"USA",2020,6002.71484847831,2313799.95196465,"Ohio"
"709",36,"USA",2015,6739.32466909426,2412224.95928476,"Ohio"
"710",36,"USA",2016,8963.0889586937,3205423.73995938,"Ohio"
"711",36,"USA",2019,5115.42007517681,1938086.72112225,"Ohio"
"712",36,"USA",2017,10559.6361249814,3796368.83540325,"Ohio"
"713",36,"USA",2004,5745.22645520399,1822925.36892288,"Ohio"
"714",36,"USA",2012,8444.74627839237,2977240.36640899,"Ohio"
"715",36,"USA",2008,8570.18176921315,2856152.42545444,"Ohio"
"716",36,"USA",2005,7321.8823094452,2329905.99743555,"Ohio"
"717",36,"USA",2001,5680.23851753904,1724393.9789657,"Ohio"
"718",36,"USA",2003,4923.73832134685,1582743.7791341,"Ohio"
"719",36,"USA",2010,8572.47507107665,2948302.98963027,"Ohio"
"720",37,"USA",2014,19572.3588322211,7227248.21464568,"Oklahoma"
"721",37,"USA",2019,16081.9065038541,6778775.35248116,"Oklahoma"
"722",37,"USA",2018,16148.5770752135,6337636.58827788,"Oklahoma"
"723",37,"USA",2002,24086.6978428224,6482243.1562231,"Oklahoma"
"724",37,"USA",2016,20956.8142657711,8406786.74390347,"Oklahoma"
"725",37,"USA",2013,17184.6478832729,6404403.40501248,"Oklahoma"
"726",37,"USA",2001,25273.2687267811,6238587.27285978,"Oklahoma"
"727",37,"USA",2020,12457.9843170081,5331252.90870024,"Oklahoma"
"728",37,"USA",2004,23409.5481990246,6542030.73037439,"Oklahoma"
"729",37,"USA",2005,25761.0772918373,7840150.77535968,"Oklahoma"
"730",37,"USA",2010,19935.805753248,6601587.00947207,"Oklahoma"
"731",37,"USA",2009,21288.2501370072,6266590.97585702,"Oklahoma"
"732",37,"USA",2003,15024.6201491887,4172904.16364915,"Oklahoma"
"733",37,"USA",2007,26524.1661427062,8046690.54636196,"Oklahoma"
"734",37,"USA",2012,25817.7148780923,8483768.0858314,"Oklahoma"
"735",37,"USA",2017,20280.8139950453,8184389.95333652,"Oklahoma"
"736",37,"USA",2011,21164.5413297626,7004736.49327459,"Oklahoma"
"737",37,"USA",2008,26082.7598520678,8247383.43752258,"Oklahoma"
"738",37,"USA",2015,15618.5272376994,6093899.88412554,"Oklahoma"
"739",37,"USA",2006,26742.3924603729,8055570.59734445,"Oklahoma"
"740",38,"USA",2017,131508.59532838,115411603.318558,"Oregon"
"741",38,"USA",2013,72449.8240386106,74958107.4993282,"Oregon"
"742",38,"USA",2005,75891.2468473243,70803033.6215728,"Oregon"
"743",38,"USA",2010,70545.8895883315,68298632.084017,"Oregon"
"744",38,"USA",2006,90711.8142434969,80574840.9860239,"Oregon"
"745",38,"USA",2009,61502.5418194951,62727885.6416982,"Oregon"
"746",38,"USA",2002,196635.328647176,121208118.019476,"Oregon"
"747",38,"USA",2007,80102.5340722919,66721236.61429,"Oregon"
"748",38,"USA",2014,82980.4061962815,82226545.1604948,"Oregon"
"749",38,"USA",2003,95476.7732095753,77237740.5583582,"Oregon"
"750",38,"USA",2018,140057.900703065,132253592.917726,"Oregon"
"751",38,"USA",2015,82134.2727814159,74310354.5034449,"Oregon"
"752",38,"USA",2012,78084.6040716088,75024641.2010644,"Oregon"
"753",38,"USA",2011,67000.2589989217,67446817.8183537,"Oregon"
"754",38,"USA",2008,85994.1399212755,77127793.2201343,"Oregon"
"755",38,"USA",2004,127923.52200355,98458142.5089623,"Oregon"
"756",38,"USA",2020,184140.168012532,147893155.821727,"Oregon"
"757",38,"USA",2019,104110.211039506,105158938.329224,"Oregon"
"758",38,"USA",2001,66707.2614785177,55215112.6355805,"Oregon"
"759",38,"USA",2016,109783.659013656,95581652.3779516,"Oregon"
"760",39,"USA",2014,10429.1335904048,3684640.17606992,"Pennsylvania"
"761",39,"USA",2015,10856.5763405954,3880434.66465771,"Pennsylvania"
"762",39,"USA",2016,11336.2527569534,4096735.28407316,"Pennsylvania"
"763",39,"USA",2017,17897.8599895405,6632321.24123886,"Pennsylvania"
"764",39,"USA",2013,8809.52754817818,3054225.15500535,"Pennsylvania"
"765",39,"USA",2001,7965.04799231969,2340255.12241541,"Pennsylvania"
"766",39,"USA",2020,11666.6726068373,4498624.01218858,"Pennsylvania"
"767",39,"USA",2018,13153.0463976612,5004637.48835256,"Pennsylvania"
"768",39,"USA",2005,12076.3624236934,3754095.93807009,"Pennsylvania"
"769",39,"USA",2019,13044.1612242118,4964055.79460665,"Pennsylvania"
"770",39,"USA",2009,11620.344738003,3881063.97721884,"Pennsylvania"
"771",39,"USA",2008,13226.9077257911,4350444.97483642,"Pennsylvania"
"772",39,"USA",2002,10126.8701089062,3039775.32177019,"Pennsylvania"
"773",39,"USA",2010,12778.2548223726,4332761.72367408,"Pennsylvania"
"774",39,"USA",2003,5297.19894572861,1625346.73775225,"Pennsylvania"
"775",39,"USA",2011,11931.3424922806,4143337.57932982,"Pennsylvania"
"776",39,"USA",2004,11800.6653648978,3645486.09340778,"Pennsylvania"
"777",39,"USA",2007,17710.6923848559,5788934.61088631,"Pennsylvania"
"778",39,"USA",2006,14532.0439673246,4614056.02122257,"Pennsylvania"
"779",39,"USA",2012,12757.8909111213,4490269.89194482,"Pennsylvania"
"780",40,"USA",2020,469.058607606783,180225.382635448,"Rhode Island"
"781",40,"USA",2013,104.532060114704,36544.542785955,"Rhode Island"
"782",40,"USA",2002,225.425388169578,65546.9135651944,"Rhode Island"
"783",40,"USA",2017,1424.81987140336,518558.738812817,"Rhode Island"
"784",40,"USA",2001,272.127418570657,80401.347288732,"Rhode Island"
"785",40,"USA",2018,342.673438996163,132772.105379452,"Rhode Island"
"786",40,"USA",2005,280.8393398271,87994.1895249943,"Rhode Island"
"787",40,"USA",2006,355.174353988699,113279.136784634,"Rhode Island"
"788",40,"USA",2003,212.07870385728,65647.2685528001,"Rhode Island"
"789",40,"USA",2009,199.833959560546,67109.4878443838,"Rhode Island"
"790",40,"USA",2007,265.161963144625,86619.7951799308,"Rhode Island"
"791",40,"USA",2014,144.55870669061,47689.2608961257,"Rhode Island"
"792",40,"USA",2011,65.3128324559865,23482.9273701028,"Rhode Island"
"793",40,"USA",2008,394.851130101696,132929.224714999,"Rhode Island"
"794",40,"USA",2015,208.639400114104,71908.4856670788,"Rhode Island"
"795",40,"USA",2010,209.462316178485,72331.335228401,"Rhode Island"
"796",40,"USA",2019,326.84675034464,124037.620304168,"Rhode Island"
"797",40,"USA",2004,244.78302250076,74873.2798172997,"Rhode Island"
"798",40,"USA",2012,243.664215569028,84953.4413351598,"Rhode Island"
"799",40,"USA",2016,3205.03046910358,1186510.41115533,"Rhode Island"
"800",41,"USA",2013,78100.3124481081,37286721.5655193,"South Carolina"
"801",41,"USA",2006,95853.8895358478,36878329.01581,"South Carolina"
"802",41,"USA",2018,89314.128088593,50342917.4607067,"South Carolina"
"803",41,"USA",2004,97153.1480214134,35057737.0180467,"South Carolina"
"804",41,"USA",2020,77140.4272421385,44295511.6975208,"South Carolina"
"805",41,"USA",2016,99672.7890553508,53183176.7836368,"South Carolina"
"806",41,"USA",2011,72092.6064412305,31748799.7708072,"South Carolina"
"807",41,"USA",2001,83795.7768334932,26787470.053939,"South Carolina"
"808",41,"USA",2009,63218.9392153347,26143652.5375206,"South Carolina"
"809",41,"USA",2015,80316.7257518486,42151118.5990895,"South Carolina"
"810",41,"USA",2005,94498.3001109869,35250018.1816505,"South Carolina"
"811",41,"USA",2014,87998.9473051916,44575399.9944025,"South Carolina"
"812",41,"USA",2017,103196.7860939,57114721.259271,"South Carolina"
"813",41,"USA",2003,65404.0285729954,22498155.5747769,"South Carolina"
"814",41,"USA",2002,94888.0792451194,31484385.3877113,"South Carolina"
"815",41,"USA",2010,89703.6171346716,38132638.6066085,"South Carolina"
"816",41,"USA",2019,81709.7313703446,46028793.9462886,"South Carolina"
"817",41,"USA",2008,91049.2576621894,36954948.1946637,"South Carolina"
"818",41,"USA",2007,92279.0504889936,36775058.8853704,"South Carolina"
"819",41,"USA",2012,86494.9720311538,38940968.6405199,"South Carolina"
"820",42,"USA",2009,3193.62734522727,1098634.46435264,"South Dakota"
"821",42,"USA",2017,3821.65495969944,1365459.84097983,"South Dakota"
"822",42,"USA",2018,21135.6445208424,7994012.33569824,"South Dakota"
"823",42,"USA",2002,1992.4137164001,352167.325977985,"South Dakota"
"824",42,"USA",2013,15881.1712021719,5480816.72847393,"South Dakota"
"825",42,"USA",2006,4729.60733269745,1489429.33238223,"South Dakota"
"826",42,"USA",2020,1622.44175641995,532054.701069572,"South Dakota"
"827",42,"USA",2004,4111.81497972594,1259252.0007025,"South Dakota"
"828",42,"USA",2016,2652.94072784415,935414.054786901,"South Dakota"
"829",42,"USA",2014,29203.6100044622,10665820.1318383,"South Dakota"
"830",42,"USA",2003,4055.59581082457,1081048.58015207,"South Dakota"
"831",42,"USA",2001,10293.8641816327,2815664.71983952,"South Dakota"
"832",42,"USA",2007,4849.22928473538,1585209.16055421,"South Dakota"
"833",42,"USA",2005,6493.94349102345,2032261.64754942,"South Dakota"
"834",42,"USA",2011,2798.33466187902,961458.530249433,"South Dakota"
"835",42,"USA",2008,5233.94018079572,1701846.7621514,"South Dakota"
"836",42,"USA",2015,7582.45399465679,2632001.29003074,"South Dakota"
"837",42,"USA",2012,1740.60043959945,527504.096835506,"South Dakota"
"838",42,"USA",2019,15319.1082628189,5380192.18437227,"South Dakota"
"839",42,"USA",2010,4275.38780129888,1446521.88403017,"South Dakota"
"840",43,"USA",2018,23831.1827441726,9194965.21853991,"Tennessee"
"841",43,"USA",2002,32648.9543139589,10155897.4907204,"Tennessee"
"842",43,"USA",2014,22244.720764198,7983456.22719079,"Tennessee"
"843",43,"USA",2013,22579.4053804334,7734639.77742989,"Tennessee"
"844",43,"USA",2009,23114.4870633556,7874324.95109788,"Tennessee"
"845",43,"USA",2004,40029.6183170758,12826947.051846,"Tennessee"
"846",43,"USA",2007,43425.9073319316,14388000.1425931,"Tennessee"
"847",43,"USA",2019,23485.3999976922,9158290.91591218,"Tennessee"
"848",43,"USA",2006,41109.3449373887,13560461.0145079,"Tennessee"
"849",43,"USA",2001,42768.9796532694,13267134.3622756,"Tennessee"
"850",43,"USA",2020,22165.2338378269,8710355.40317289,"Tennessee"
"851",43,"USA",2016,31366.184268214,11399804.4705965,"Tennessee"
"852",43,"USA",2005,40230.804405934,13142611.5609784,"Tennessee"
"853",43,"USA",2010,32570.7767776231,11311341.6230202,"Tennessee"
"854",43,"USA",2017,37936.6680033612,14270286.452183,"Tennessee"
"855",43,"USA",2003,26399.2798378802,8352398.51244134,"Tennessee"
"856",43,"USA",2012,28502.1589040034,9975830.6396821,"Tennessee"
"857",43,"USA",2011,24993.5060416321,8709527.22075542,"Tennessee"
"858",43,"USA",2015,25842.8499311385,9457012.58841691,"Tennessee"
"859",43,"USA",2008,39045.6780674134,13128391.8250133,"Tennessee"
"860",44,"USA",2005,119794.49711683,39433653.2313632,"Texas"
"861",44,"USA",2009,91612.1850606664,33176561.3567331,"Texas"
"862",44,"USA",2002,85265.7547706847,24700381.5463493,"Texas"
"863",44,"USA",2014,89540.3506530791,39954584.1972334,"Texas"
"864",44,"USA",2017,79831.9887144876,40098981.0056726,"Texas"
"865",44,"USA",2018,67349.4502057413,33560691.1684733,"Texas"
"866",44,"USA",2010,105010.703024171,40597667.4343617,"Texas"
"867",44,"USA",2006,108365.447572272,36117614.6226834,"Texas"
"868",44,"USA",2013,80394.7694592036,36119600.2918877,"Texas"
"869",44,"USA",2020,67476.2478278029,34816053.7287511,"Texas"
"870",44,"USA",2007,124107.431431378,42768348.0899668,"Texas"
"871",44,"USA",2019,64541.0957053157,32338739.8663932,"Texas"
"872",44,"USA",2003,77654.9107929662,23910538.6939852,"Texas"
"873",44,"USA",2008,107469.207584478,38076192.8073645,"Texas"
"874",44,"USA",2015,70186.199318829,33824495.5005226,"Texas"
"875",44,"USA",2016,85491.6365816808,41738471.5366115,"Texas"
"876",44,"USA",2011,127434.165097547,46676141.8080768,"Texas"
"877",44,"USA",2004,118407.658796345,38384842.0842188,"Texas"
"878",44,"USA",2012,124490.086703267,44792229.4592597,"Texas"
"879",44,"USA",2001,111298.276662527,30904636.091922,"Texas"
"880",45,"USA",2013,2220.64167869094,561411.507986042,"Utah"
"881",45,"USA",2014,1965.65930115315,510772.918868914,"Utah"
"882",45,"USA",2017,19182.5856762223,3804758.59433136,"Utah"
"883",45,"USA",2015,1035.75541832436,318491.941102443,"Utah"
"884",45,"USA",2005,16252.3855213706,5234891.79514118,"Utah"
"885",45,"USA",2019,15043.6967594597,3645073.51205315,"Utah"
"886",45,"USA",2018,23395.671246874,4028977.93268308,"Utah"
"887",45,"USA",2004,8981.58946345546,2728041.34422728,"Utah"
"888",45,"USA",2002,21564.4666125184,3432254.02936484,"Utah"
"889",45,"USA",2016,2831.17228615227,728979.87923265,"Utah"
"890",45,"USA",2003,4936.64538809037,1019384.05651696,"Utah"
"891",45,"USA",2001,4958.88344765809,1543209.07132179,"Utah"
"892",45,"USA",2020,11425.7429488195,2406593.76136436,"Utah"
"893",45,"USA",2009,7178.05847438416,1809119.8138455,"Utah"
"894",45,"USA",2011,19556.5612932146,5823799.27322618,"Utah"
"895",45,"USA",2010,5631.53726256338,1570328.27423082,"Utah"
"896",45,"USA",2012,10423.5325410826,1988238.36966182,"Utah"
"897",45,"USA",2008,5076.38350454824,1557851.89209848,"Utah"
"898",45,"USA",2007,10503.9133502056,2101313.38342044,"Utah"
"899",45,"USA",2006,4009.9543796173,1058984.44223552,"Utah"
"900",46,"USA",2020,3080.86619883388,1228538.54341675,"Vermont"
"901",46,"USA",2005,2381.80147045023,776244.645118438,"Vermont"
"902",46,"USA",2009,2505.06108704399,851434.11862049,"Vermont"
"903",46,"USA",2013,1794.88601770064,634641.323112605,"Vermont"
"904",46,"USA",2002,2064.29067770153,652847.267520512,"Vermont"
"905",46,"USA",2001,2795.66200386351,843724.224899187,"Vermont"
"906",46,"USA",2017,3403.9318240074,1333966.26591822,"Vermont"
"907",46,"USA",2003,900.000769065967,281783.451033072,"Vermont"
"908",46,"USA",2015,2552.53079153484,954868.618191115,"Vermont"
"909",46,"USA",2010,3951.96548229609,1402954.02049648,"Vermont"
"910",46,"USA",2006,3099.63838192171,1047775.70217963,"Vermont"
"911",46,"USA",2011,1728.53134371704,615166.45265014,"Vermont"
"912",46,"USA",2018,3971.1816077445,1574205.4694959,"Vermont"
"913",46,"USA",2007,2038.63559155488,696540.699387933,"Vermont"
"914",46,"USA",2014,2558.69401542393,914785.568971726,"Vermont"
"915",46,"USA",2019,3344.00684286035,1295333.68988472,"Vermont"
"916",46,"USA",2008,2468.65178529692,859712.589942937,"Vermont"
"917",46,"USA",2004,2165.22367330398,691943.052743213,"Vermont"
"918",46,"USA",2012,2937.37896562895,1049880.75074745,"Vermont"
"919",46,"USA",2016,3126.11815772631,1184200.2880279,"Vermont"
"920",47,"USA",2013,54944.9485246427,23799391.3225331,"Virginia"
"921",47,"USA",2018,59407.0551593729,29599484.633461,"Virginia"
"922",47,"USA",2015,63549.2546608715,29279526.0721793,"Virginia"
"923",47,"USA",2006,67195.9072275233,23809448.8580084,"Virginia"
"924",47,"USA",2011,49287.6002541006,20257227.3925326,"Virginia"
"925",47,"USA",2020,49888.1204228205,25688737.0755313,"Virginia"
"926",47,"USA",2004,56143.890216556,18708145.0058868,"Virginia"
"927",47,"USA",2014,61267.848982319,27098757.935356,"Virginia"
"928",47,"USA",2019,54539.1722163573,27626870.6657917,"Virginia"
"929",47,"USA",2017,69374.7560574679,33914386.9557202,"Virginia"
"930",47,"USA",2001,55317.6749316425,16408217.5124972,"Virginia"
"931",47,"USA",2009,56403.0832608042,21889404.244387,"Virginia"
"932",47,"USA",2016,68172.1830617944,32356064.7280834,"Virginia"
"933",47,"USA",2005,63116.454683452,21682913.0298338,"Virginia"
"934",47,"USA",2010,59132.3307084061,23423396.6362252,"Virginia"
"935",47,"USA",2003,40881.6660629231,13273780.6247545,"Virginia"
"936",47,"USA",2008,66894.0284301367,24855439.8999854,"Virginia"
"937",47,"USA",2002,54347.2396992427,16952178.0986381,"Virginia"
"938",47,"USA",2007,67758.6216970266,24539346.6268691,"Virginia"
"939",47,"USA",2012,56259.7116292601,23373409.634492,"Virginia"
"940",48,"USA",2020,63227.998676948,48658721.4788386,"Washington"
"941",48,"USA",2016,140326.258826249,67596491.3925511,"Washington"
"942",48,"USA",2013,61955.2023403988,44061385.570012,"Washington"
"943",48,"USA",2018,98115.7844157829,61556269.2850718,"Washington"
"944",48,"USA",2009,54410.6435129018,37032549.8438947,"Washington"
"945",48,"USA",2004,100965.140891966,58289795.7551804,"Washington"
"946",48,"USA",2005,78524.3913886021,53216906.3215329,"Washington"
"947",48,"USA",2001,75875.4972426295,41270714.9005578,"Washington"
"948",48,"USA",2017,106950.816845586,65633609.3033544,"Washington"
"949",48,"USA",2003,82576.2926292804,41320962.4141715,"Washington"
"950",48,"USA",2002,67859.8746538918,39521282.1276234,"Washington"
"951",48,"USA",2010,54446.4065444998,40281034.1514461,"Washington"
"952",48,"USA",2006,131275.428953944,64585187.0066149,"Washington"
"953",48,"USA",2011,50474.061266282,40510446.4207116,"Washington"
"954",48,"USA",2008,87737.9311715446,55509075.2663137,"Washington"
"955",48,"USA",2007,88629.9576140925,47829144.2749575,"Washington"
"956",48,"USA",2014,80732.8292310577,49959053.5853607,"Washington"
"957",48,"USA",2019,76373.9043880376,52451307.7466898,"Washington"
"958",48,"USA",2015,107249.73245204,54379738.2141221,"Washington"
"959",48,"USA",2012,75201.8927748119,52553024.9038355,"Washington"
"960",49,"USA",2013,7798.91929088683,2884765.71265733,"West Virginia"
"961",49,"USA",2006,10373.1044196728,3595891.72208851,"West Virginia"
"962",49,"USA",2009,9560.7548259077,3446265.39201851,"West Virginia"
"963",49,"USA",2002,8841.13692421747,2838678.17077605,"West Virginia"
"964",49,"USA",2007,15371.1597650715,5332487.17222884,"West Virginia"
"965",49,"USA",2014,13025.2703311139,4857503.87437669,"West Virginia"
"966",49,"USA",2011,7686.02467709171,2875230.9617404,"West Virginia"
"967",49,"USA",2018,13670.6973381974,5573267.76110335,"West Virginia"
"968",49,"USA",2015,13529.4669193044,5206293.82357011,"West Virginia"
"969",49,"USA",2012,11852.5112747994,4493898.50869023,"West Virginia"
"970",49,"USA",2019,13777.4407938527,5634444.22505108,"West Virginia"
"971",49,"USA",2005,12595.2597026104,4324770.04352557,"West Virginia"
"972",49,"USA",2004,7562.84299748741,2495409.36974796,"West Virginia"
"973",49,"USA",2020,12160.32657588,5089811.57775195,"West Virginia"
"974",49,"USA",2016,16873.3449234937,6665421.31830925,"West Virginia"
"975",49,"USA",2008,12800.3004419842,4534499.49399473,"West Virginia"
"976",49,"USA",2001,8308.04592465436,2637491.76934147,"West Virginia"
"977",49,"USA",2017,18894.5764136094,7476370.11660045,"West Virginia"
"978",49,"USA",2003,3389.20717443787,1140321.6574982,"West Virginia"
"979",49,"USA",2010,10474.5761847186,3787289.78990628,"West Virginia"
"980",50,"USA",2014,17897.5138972283,4683243.17993634,"Wisconsin"
"981",50,"USA",2013,14785.9955430027,3728383.72811182,"Wisconsin"
"982",50,"USA",2020,30555.5224122568,9175601.65803865,"Wisconsin"
"983",50,"USA",2016,21625.4087053632,5810174.04512923,"Wisconsin"
"984",50,"USA",2005,18814.6981948537,3967966.78574039,"Wisconsin"
"985",50,"USA",2019,30671.8274690454,9066794.98344901,"Wisconsin"
"986",50,"USA",2009,21999.3378633232,5192200.40719772,"Wisconsin"
"987",50,"USA",2018,25870.3556065434,7324210.71287537,"Wisconsin"
"988",50,"USA",2002,14125.961733119,2838854.34817581,"Wisconsin"
"989",50,"USA",2010,19261.4166874927,4724436.96840002,"Wisconsin"
"990",50,"USA",2017,26353.7032834002,7314039.9001885,"Wisconsin"
"991",50,"USA",2001,17631.3019870962,3449423.52258438,"Wisconsin"
"992",50,"USA",2004,19933.6742529695,4074221.0686561,"Wisconsin"
"993",50,"USA",2007,22668.2668763324,5282249.06306173,"Wisconsin"
"994",50,"USA",2006,16998.5587952933,3710063.44928149,"Wisconsin"
"995",50,"USA",2003,8081.31861236172,1686058.10209391,"Wisconsin"
"996",50,"USA",2008,20329.5581461588,4740335.39390227,"Wisconsin"
"997",50,"USA",2015,17076.5082435067,4529748.75787668,"Wisconsin"
"998",50,"USA",2012,20835.4235175945,5327713.51040004,"Wisconsin"
"999",50,"USA",2011,17324.5418253841,4316234.3106311,"Wisconsin"
"1000",51,"USA",2013,17320.3531076912,3705967.14835226,"Wyoming"
"1001",51,"USA",2002,14398.1136273414,3841253.42799708,"Wyoming"
"1002",51,"USA",2005,28439.3865448833,10569709.348901,"Wyoming"
"1003",51,"USA",2017,16901.1298827283,3985799.71388961,"Wyoming"
"1004",51,"USA",2003,15695.9133352119,4314524.88298944,"Wyoming"
"1005",51,"USA",2018,17397.9622058094,4218271.96272883,"Wyoming"
"1006",51,"USA",2007,29725.0887088882,9239210.99171524,"Wyoming"
"1007",51,"USA",2014,11476.5553694531,3356678.2038873,"Wyoming"
"1008",51,"USA",2006,6502.24643853937,1784919.71986188,"Wyoming"
"1009",51,"USA",2009,13567.5946443655,4868626.11910684,"Wyoming"
"1010",51,"USA",2015,2654.56434488757,803244.524315866,"Wyoming"
"1011",51,"USA",2010,19262.518138685,6864456.2663287,"Wyoming"
"1012",51,"USA",2019,18349.6722845448,4702874.71617996,"Wyoming"
"1013",51,"USA",2008,30180.746748313,8605191.13300992,"Wyoming"
"1014",51,"USA",2004,17913.8621063591,5977524.92530074,"Wyoming"
"1015",51,"USA",2012,22445.0771332867,4616629.67126419,"Wyoming"
"1016",51,"USA",2016,14121.6996364008,2621706.57525741,"Wyoming"
"1017",51,"USA",2011,24445.2346593642,8399497.41683232,"Wyoming"
"1018",51,"USA",2001,18942.3083433403,6341327.94480768,"Wyoming"
"1019",51,"USA",2020,5793.02455842544,1108157.25658627,"Wyoming"
